{
  "VelocityResistance": 0.85,
  "JumpForce": 0,
  "SwimJumpForce": 0,
  "JumpBufferDuration": 0,
  "JumpBufferMaxYVelocity": 0,
  "Acceleration": 0.1,
  "AirDragMin": 0.6,
  "AirDragMax": 0.9,
  "AirDragMinSpeed": 2,
  "AirDragMaxSpeed": 3,
  "AirFrictionMin": 0.2,
  "AirFrictionMax": 0.35,
  "AirFrictionMinSpeed": 6,
  "AirFrictionMaxSpeed": 10,
  "AirSpeedMultiplier": 0.15,
  "AirControlMinSpeed": 0,
  "AirControlMaxSpeed": 0,
  "AirControlMinMultiplier": 0,
  "AirControlMaxMultiplier": 3.13,
  "ComboAirSpeedMultiplier": 1.05,
  "BaseSpeed": 12,
  "ClimbSpeed": 0,
  "HorizontalFlySpeed": 0,
  "VerticalFlySpeed": 0,
  "MaxSpeedMultiplier": 2.5,
  "MinSpeedMultiplier": 0.5,
  "WishDirectionGravityX": 0.5,
  "WishDirectionGravityY": 0.5,
  "WishDirectionWeightX": 0.5,
  "WishDirectionWeightY": 0.5,
  "CollisionExpulsionForce": 0.004,
  "ForwardWalkSpeedMultiplier": 0.1,
  "BackwardWalkSpeedMultiplier": 0.3,
  "StrafeWalkSpeedMultiplier": 0.3,
  "ForwardRunSpeedMultiplier": 1,
  "BackwardRunSpeedMultiplier": 0.45,
  "StrafeRunSpeedMultiplier": 0.55,
  "ForwardCrouchSpeedMultiplier": 0.55,
  "BackwardCrouchSpeedMultiplier": 0.4,
  "StrafeCrouchSpeedMultiplier": 0.45,
  "ForwardSprintSpeedMultiplier": 1.35,
  "VariableJumpFallForce": 0,
  "FallEffectDuration": 0.1,
  "FallJumpForce": 0,
  "FallMomentumLoss": 0.8,
  "AutoJumpObstacleSpeedLoss": 0.0,
  "AutoJumpObstacleSprintSpeedLoss": 0.0,
  "AutoJumpObstacleEffectDuration": 0.0,
  "AutoJumpObstacleSprintEffectDuration": 0.0,
  "AutoJumpObstacleMaxAngle": 90,
  "AutoJumpDisableJumping": true
}
