{
  "Model": "NPC/Machine/Hovercraft/Models/Hovercraft.blockymodel",
  "Texture": "NPC/Livestock/Horse/Models/Texture.png",
  "EyeHeight": 1.2,
  "CrouchOffset": -0.5,
  "HitBox": {
    "Max": {
      "X": 0.45,
      "Y": 1,
      "Z": 0.45
    },
    "Min": {
      "X": -0.45,
      "Y": 0,
      "Z": -0.45
    }
  },
  "Camera": {
    "Pitch": {
      "AngleRange": {
        "Max": 30,
        "Min": -15
      },
      "TargetNodes": [
        "Head"
      ]
    },
    "Yaw": {
      "AngleRange": {
        "Max": 15,
        "Min": -15
      },
      "TargetNodes": [
        "Head"
      ]
    }
  },
  "AnimationSets": {
    "Run": {
      "Animations": [
        {
          "Animation": "NPC/Livestock/Horse/Animations/Default/Run.blockyanim",
          "Speed": 1,
          "SoundEventId": "SFX_Horse_Run"
        }
      ]
    },
    "Fall": {
      "Animations": [
        {
          "Animation": "NPC/Livestock/Horse/Animations/Default/Fall.blockyanim",
          "BlendingDuration": 0.4
        }
      ]
    },
    "Death": {
      "Animations": [
        {
          "Animation": "NPC/Livestock/Horse/Animations/Damage/Death.blockyanim",
          "Looping": false,
          "SoundEventId": "SFX_Avatar_Powers_Disable"
        }
      ]
    },
    "Spawn": {
      "Animations": [
        {
          "Animation": "NPC/Livestock/Horse/Animations/Default/Spawn.blockyanim",
          "BlendingDuration": 0,
          "Looping": false
        }
      ]
    },
    "Eat": {
      "Animations": [
        {
          "Animation": "NPC/Livestock/Horse/Animations/Flavor/Eat.blockyanim"
        }
      ]
    },
    "LookAround": {
      "Animations": [
        {
          "Animation": "NPC/Livestock/Horse/Animations/Flavor/Look_Around.blockyanim",
          "Looping": false
        }
      ]
    },
    "FlyIdle": {
      "Animations": [
        {
          "Animation": "NPC/Livestock/Horse/Animations/Fly/Fly_Idle.blockyanim"
        }
      ]
    },
    "Fly": {
      "Animations": [
        {
          "Animation": "NPC/Livestock/Horse/Animations/Fly/Fly.blockyanim",
          "Looping": false
        }
      ]
    },
    "FlyFast": {
      "Animations": [
        {
          "Animation": "NPC/Livestock/Horse/Animations/Fly/Fly_Fast.blockyanim"
        }
      ]
    },
    "FlyBackward": {
      "Animations": [
        {
          "Animation": "NPC/Livestock/Horse/Animations/Fly/Fly_Backward.blockyanim"
        }
      ]
    },
    "SwimIdle": {
      "Animations": [
        {
          "Animation": "NPC/Livestock/Horse/Animations/Swim/Swim_Idle.blockyanim",
          "Looping": true
        }
      ]
    },
    "Swim": {
      "Animations": [
        {
          "Animation": "NPC/Livestock/Horse/Animations/Swim/Swim.blockyanim"
        }
      ]
    },
    "SwimBackward": {
      "Animations": [
        {
          "Animation": "NPC/Livestock/Horse/Animations/Swim/Swim_Backward.blockyanim"
        }
      ]
    },
    "SwimFast": {
      "Animations": [
        {
          "Animation": "NPC/Livestock/Horse/Animations/Swim/Swim_Fast.blockyanim"
        }
      ]
    },
    "SwimJump": {
      "Animations": [
        {
          "Animation": "NPC/Livestock/Horse/Animations/Swim/Swim_Jump.blockyanim",
          "BlendingDuration": 0.1,
          "Looping": false
        }
      ]
    },
    "SwimSink": {
      "Animations": [
        {
          "Animation": "NPC/Livestock/Horse/Animations/Swim/Swim_Sink.blockyanim"
        }
      ]
    },
    "SwimFloat": {
      "Animations": [
        {
          "Animation": "NPC/Livestock/Horse/Animations/Swim/Swim_Float.blockyanim"
        }
      ]
    },
    "FluidIdle": {
      "Animations": [
        {
          "Animation": "NPC/Livestock/Horse/Animations/Default/Idle.blockyanim",
          "Speed": 0.6
        }
      ]
    },
    "FluidWalk": {
      "Animations": [
        {
          "Animation": "NPC/Livestock/Horse/Animations/Default/Walk.blockyanim",
          "Speed": 0.6
        }
      ]
    },
    "FluidWalkBackward": {
      "Animations": [
        {
          "Animation": "NPC/Livestock/Horse/Animations/Default/Walk_Backward.blockyanim",
          "Speed": 0.6
        }
      ]
    },
    "FluidRun": {
      "Animations": [
        {
          "Animation": "NPC/Livestock/Horse/Animations/Default/Run.blockyanim",
          "Speed": 0.6
        }
      ]
    },
    "SwimDive": {
      "Animations": [
        {
          "Animation": "NPC/Livestock/Horse/Animations/Swim/Swim.blockyanim"
        }
      ]
    },
    "SwimDiveBackward": {
      "Animations": [
        {
          "Animation": "NPC/Livestock/Horse/Animations/Swim/Swim_Backward.blockyanim"
        }
      ]
    },
    "SwimDiveFast": {
      "Animations": [
        {
          "Animation": "NPC/Livestock/Horse/Animations/Swim/Swim_Fast.blockyanim"
        }
      ]
    }
  }
}
