{
  "TranslationProperties": {
    "Name": "HoverCraft Spawn Staff"
  },
  "Categories": [
    "Items.Weapons"
  ],
  "Icon": "Icons/ItemsGenerated/Weapon_Staff_Bronze.png",
  "Quality": "Legendary",
  "ItemLevel": 40,
  "Model": "Items/Weapons/Staff/Staff_Hovercraft.blockymodel",
  "Texture": "Items/Weapons/Staff/Staff_Hovercraft.png",
  "PlayerAnimationsId": "Staff",
  "Interactions": {
    "Primary": {
      "Interactions": [
        {
          "Type": "Charging",
          "Effects": {
            "WorldSoundEventId": "SFX_Wand_Ice_shoot",
            "ItemAnimationId": "CastHurlCharging"
          },
          "AllowIndefiniteHold": true,
          "HorizontalSpeedMultiplier": 0.8,
          "CancelOnItemChange": true,
          "RunTime": 0,
          "Next": {
            "0": {
              "Type": "Simple",
              "Effects": {
                "ItemAnimationId": "Interact"
              }
            },
            "0.8": {
              "Type": "RunOnBlockTypes"
            }
          },
          "Failed": {
            "Type": "Simple",
            "Effects": {
              "ItemAnimationId": "Interact"
            }
          }
        }
      ]
    },
    "Secondary": {
      "Interactions": [
        {
          "Type": "Charging",
          "Effects": {
            "WorldSoundEventId": "SFX_Wand_Ice_shoot",
            "ItemAnimationId": "CastHurlCharging"
          },
          "AllowIndefiniteHold": true,
          "HorizontalSpeedMultiplier": 0.8,
          "CancelOnItemChange": true,
          "RunTime": 0,
          "Next": {
            "0": {
              "Type": "Simple",
              "Effects": {
                "ItemAnimationId": "Interact"
              }
            },
            "0.8": {
              "Type": "RunOnBlockTypes",
              "BlockSets": [
                "Gems"
              ],
              "MaxCount": 1,
              "Range": 5,
              "Interactions": {
                "Interactions": [
                  {
                    "Type": "Serial",
                    "Interactions": [
                      {
                        "Type": "SpawnNPC",
                        "EntityId": "Hovercraft_V2"
                      },
                      {
                        "Type": "DestroyBlock"
                      },
                      {
                        "Type": "ModifyInventory",
                        "AdjustHeldItemQuantity": 0
                      }
                    ]
                  }
                ]
              },
              "Next": {
                "Type": "Simple",
                "Effects": {
                  "ItemAnimationId": "CastHurlCharged"
                }
              },
              "Failed": {
                "Type": "Simple",
                "Effects": {
                  "ItemAnimationId": "Interact"
                }
              }
            }
          },
          "Failed": {
            "Type": "Simple",
            "Effects": {
              "ItemAnimationId": "Interact"
            }
          }
        }
      ]
    }
  },
  "InteractionVars": {
    "Staff_Cast_Summon_Charged": {
      "Interactions": [
        {
          "Type": "SpawnNPC",
          "EntityId": "Hovercraft_V2"
        }
      ]
    },
    "Staff_Cast_Summon_Cost": {
      "Interactions": [
        {
          "Parent": "Staff_Cast_Cost",
          "StatModifiers": {
            "Mana": 0
          }
        }
      ]
    },
    "Staff_Cast_Summon_Launch": "Staff_Cast_Launch",
    "Staff_Cast_Summon_Effect": "Staff_Cast_Effect",
    "Staff_Cast_Summon_Fail": "Staff_Cast_Fail",
    "Spear_Swing_Left_Damage": "Spear_Swing_Left_Damage",
    "Spear_Swing_Right_Damage": "Spear_Swing_Right_Damage",
    "Spear_Swing_Left_Effect": "Spear_Swing_Left_Effect",
    "Spear_Swing_Right_Effect": "Spear_Swing_Right_Effect"
  },
  "IconProperties": {
    "Scale": 0.29,
    "Translation": [
      -50,
      -50
    ],
    "Rotation": [
      22.5,
      45,
      315
    ]
  },
  "DroppedItemAnimation": "Items/Animations/Dropped/Dropped_Diagonal_Left.blockyanim",
  "Tags": {
    "Type": [
      "Weapon"
    ],
    "Family": [
      "Staff"
    ]
  },
  "Weapon": {},
  "ItemSoundSetId": "ISS_Items_Gems",
  "MaxStack": 1
}
